feature,type
m,int64
k,int64
n,int64
cacheL1IsShared,int64
cacheL1Size,int64
cacheL2IsShared,int64
cacheL2Size,int64
cacheL3IsShared,int64
cacheL3Size,int64
cacheL1Threads,int64
cacheL2Threads,int64
cacheL3Threads,int64
winPerfIndex,float64
memFreq,float64
memChanels,int64
memSize_MB,int64
memType,object
memtRFC,float64
memtCL,float64
memtRCD,int64
memtRP,int64
memtRAS,int64
os,object
cpuFull,object
cpuArch,object
cpuCores,int64
cpuFreq,int64
cpuBusFreq,float64
cpuTurbo,int64
cpuHT,int64
cpuCount,int64
cpuIsMobile,int64
IA.64_Technology,int64
AVX,int64
FPU128,int64
SSE5,int64
SSE4a,int64
SSE4.2,int64
SSE4.1,int64
S.SSE3,int64
SSE3,int64
SSE2,int64
SSE,int64
AES,int64
Extended_3DNow_Technology,int64
X3DNow_Technology,int64
X3DNOW_Prefetch,int64
X3DNow_Pro_Technology,int64
AMD_MMX_Technology,int64
MMX_Technology,int64
Cyrix_MMX_Technology,int64
FMA,int64
FMA4,int64
OSXSAVE,int64
XSAVE,int64
XOP,int64
F16C,int64
RDRAND,int64
FXSR.FXSAVE.FXRSTOR,int64
MOVBE,int64
PCLMULQDQ,int64
CLF_._Cache_Line_Flush,int64
CX8_._CMPXCHG8B,int64
CX16_._CMPXCHG16B,int64
CMOV_._Conditionnal_Move_Inst.,int64
MON_._Monitor.Mwait,int64
POPCNT,int64
RDTSCP,int64
SEP_._Fast_System_Call,int64
TBM,int64
BMI,int64
TSC_DeadLine,int64
em64t,int64
Sequential_read_128B_by32,float64
Sequential_read_256B_by32,float64
Sequential_read_384B_by32,float64
Sequential_read_512B_by32,float64
Sequential_read_640B_by32,float64
Sequential_read_768B_by32,float64
Sequential_read_896B_by32,float64
Sequential_read_1024B_by32,float64
Sequential_read_1280B_by32,float64
Sequential_read_2kB_by32,float64
Sequential_read_3kB_by32,float64
Sequential_read_4kB_by32,float64
Sequential_read_6kB_by32,float64
Sequential_read_8kB_by32,float64
Sequential_read_12kB_by32,float64
Sequential_read_16kB_by32,float64
Sequential_read_20kB_by32,float64
Sequential_read_24kB_by32,float64
Sequential_read_28kB_by32,float64
Sequential_read_32kB_by32,float64
Sequential_read_34kB_by32,float64
Sequential_read_36kB_by32,float64
Sequential_read_40kB_by32,float64
Sequential_read_48kB_by32,float64
Sequential_read_64kB_by32,float64
Sequential_read_128kB_by32,float64
Sequential_read_192kB_by32,float64
Sequential_read_256kB_by32,float64
Sequential_read_320kB_by32,float64
Sequential_read_384kB_by32,float64
Sequential_read_512kB_by32,float64
Sequential_read_768kB_by32,float64
Sequential_read_1MB_by32,float64
Sequential_read_2MB_by32,float64
Sequential_read_3MB_by32,float64
Sequential_read_4MB_by32,float64
Sequential_read_5MB_by32,float64
Sequential_read_6MB_by32,float64
Sequential_read_7MB_by32,float64
Sequential_read_8MB_by32,float64
Sequential_read_9MB_by32,float64
Sequential_read_10MB_by32,float64
Sequential_read_12MB_by32,float64
Sequential_read_14MB_by32,float64
Sequential_read_15MB_by32,float64
Sequential_read_16MB_by32,float64
Sequential_read_20MB_by32,float64
Sequential_read_21MB_by32,float64
Sequential_read_32MB_by32,float64
Sequential_read_48MB_by32,float64
Sequential_read_64MB_by32,float64
Sequential_read_72MB_by32,float64
Sequential_read_96MB_by32,float64
Sequential_read_128MB_by32,float64
Random_read_256B_by32,float64
Random_read_512B_by32,float64
Random_read_768B_by32,float64
Random_read_1024B_by32,float64
Random_read_1280B_by32,float64
Random_read_2kB_by32,float64
Random_read_3kB_by32,float64
Random_read_4kB_by32,float64
Random_read_6kB_by32,float64
Random_read_8kB_by32,float64
Random_read_12kB_by32,float64
Random_read_16kB_by32,float64
Random_read_20kB_by32,float64
Random_read_24kB_by32,float64
Random_read_28kB_by32,float64
Random_read_32kB_by32,float64
Random_read_34kB_by32,float64
Random_read_36kB_by32,float64
Random_read_40kB_by32,float64
Random_read_48kB_by32,float64
Random_read_64kB_by32,float64
Random_read_128kB_by32,float64
Random_read_192kB_by32,float64
Random_read_256kB_by32,float64
Random_read_320kB_by32,float64
Random_read_384kB_by32,float64
Random_read_512kB_by32,float64
Random_read_768kB_by32,float64
Random_read_1MB_by32,float64
Random_read_2MB_by32,float64
Random_read_3MB_by32,float64
Random_read_4MB_by32,float64
Random_read_5MB_by32,float64
Random_read_6MB_by32,float64
Random_read_7MB_by32,float64
Random_read_8MB_by32,float64
Random_read_9MB_by32,float64
Random_read_10MB_by32,float64
Random_read_12MB_by32,float64
Random_read_14MB_by32,float64
Random_read_15MB_by32,float64
Random_read_16MB_by32,float64
Random_read_20MB_by32,float64
Random_read_21MB_by32,float64
Random_read_32MB_by32,float64
Random_read_48MB_by32,float64
Random_read_64MB_by32,float64
Random_read_72MB_by32,float64
Random_read_96MB_by32,float64
Random_read_128MB_by32,float64
Sequential_write_128B_by32,float64
Sequential_write_256B_by32,float64
Sequential_write_384B_by32,float64
Sequential_write_512B_by32,float64
Sequential_write_640B_by32,float64
Sequential_write_768B_by32,float64
Sequential_write_896B_by32,float64
Sequential_write_1024B_by32,float64
Sequential_write_1280B_by32,float64
Sequential_write_2kB_by32,float64
Sequential_write_3kB_by32,float64
Sequential_write_4kB_by32,float64
Sequential_write_6kB_by32,float64
Sequential_write_8kB_by32,float64
Sequential_write_12kB_by32,float64
Sequential_write_16kB_by32,float64
Sequential_write_20kB_by32,float64
Sequential_write_24kB_by32,float64
Sequential_write_28kB_by32,float64
Sequential_write_32kB_by32,float64
Sequential_write_34kB_by32,float64
Sequential_write_36kB_by32,float64
Sequential_write_40kB_by32,float64
Sequential_write_48kB_by32,float64
Sequential_write_64kB_by32,float64
Sequential_write_128kB_by32,float64
Sequential_write_192kB_by32,float64
Sequential_write_256kB_by32,float64
Sequential_write_320kB_by32,float64
Sequential_write_384kB_by32,float64
Sequential_write_512kB_by32,float64
Sequential_write_768kB_by32,float64
Sequential_write_1MB_by32,float64
Sequential_write_2MB_by32,float64
Sequential_write_3MB_by32,float64
Sequential_write_4MB_by32,float64
Sequential_write_5MB_by32,float64
Sequential_write_6MB_by32,float64
Sequential_write_7MB_by32,float64
Sequential_write_8MB_by32,float64
Sequential_write_9MB_by32,float64
Sequential_write_10MB_by32,float64
Sequential_write_12MB_by32,float64
Sequential_write_14MB_by32,float64
Sequential_write_15MB_by32,float64
Sequential_write_16MB_by32,float64
Sequential_write_20MB_by32,float64
Sequential_write_21MB_by32,float64
Sequential_write_32MB_by32,float64
Sequential_write_48MB_by32,float64
Sequential_write_64MB_by32,float64
Sequential_write_72MB_by32,float64
Sequential_write_96MB_by32,float64
Sequential_write_128MB_by32,float64
Random_write_256B_by32,float64
Random_write_512B_by32,float64
Random_write_768B_by32,float64
Random_write_1024B_by32,float64
Random_write_1280B_by32,float64
Random_write_2kB_by32,float64
Random_write_3kB_by32,float64
Random_write_4kB_by32,float64
Random_write_6kB_by32,float64
Random_write_8kB_by32,float64
Random_write_12kB_by32,float64
Random_write_16kB_by32,float64
Random_write_20kB_by32,float64
Random_write_24kB_by32,float64
Random_write_28kB_by32,float64
Random_write_32kB_by32,float64
Random_write_34kB_by32,float64
Random_write_36kB_by32,float64
Random_write_40kB_by32,float64
Random_write_48kB_by32,float64
Random_write_64kB_by32,float64
Random_write_128kB_by32,float64
Random_write_192kB_by32,float64
Random_write_256kB_by32,float64
Random_write_320kB_by32,float64
Random_write_384kB_by32,float64
Random_write_512kB_by32,float64
Random_write_768kB_by32,float64
Random_write_1MB_by32,float64
Random_write_2MB_by32,float64
Random_write_3MB_by32,float64
Random_write_4MB_by32,float64
Random_write_5MB_by32,float64
Random_write_6MB_by32,float64
Random_write_7MB_by32,float64
Random_write_8MB_by32,float64
Random_write_9MB_by32,float64
Random_write_10MB_by32,float64
Random_write_12MB_by32,float64
Random_write_14MB_by32,float64
Random_write_15MB_by32,float64
Random_write_16MB_by32,float64
Random_write_20MB_by32,float64
Random_write_21MB_by32,float64
Random_write_32MB_by32,float64
Random_write_48MB_by32,float64
Random_write_64MB_by32,float64
Random_write_72MB_by32,float64
Random_write_96MB_by32,float64
Random_write_128MB_by32,float64
Sequential_read_128B_by128,float64
Sequential_read_256B_by128,float64
Sequential_read_384B_by128,float64
Sequential_read_512B_by128,float64
Sequential_read_640B_by128,float64
Sequential_read_768B_by128,float64
Sequential_read_896B_by128,float64
Sequential_read_1024B_by128,float64
Sequential_read_1280B_by128,float64
Sequential_read_2kB_by128,float64
Sequential_read_3kB_by128,float64
Sequential_read_4kB_by128,float64
Sequential_read_6kB_by128,float64
Sequential_read_8kB_by128,float64
Sequential_read_12kB_by128,float64
Sequential_read_16kB_by128,float64
Sequential_read_20kB_by128,float64
Sequential_read_24kB_by128,float64
Sequential_read_28kB_by128,float64
Sequential_read_32kB_by128,float64
Sequential_read_34kB_by128,float64
Sequential_read_36kB_by128,float64
Sequential_read_40kB_by128,float64
Sequential_read_48kB_by128,float64
Sequential_read_64kB_by128,float64
Sequential_read_128kB_by128,float64
Sequential_read_192kB_by128,float64
Sequential_read_256kB_by128,float64
Sequential_read_320kB_by128,float64
Sequential_read_384kB_by128,float64
Sequential_read_512kB_by128,float64
Sequential_read_768kB_by128,float64
Sequential_read_1MB_by128,float64
Sequential_read_2MB_by128,float64
Sequential_read_3MB_by128,float64
Sequential_read_4MB_by128,float64
Sequential_read_5MB_by128,float64
Sequential_read_6MB_by128,float64
Sequential_read_7MB_by128,float64
Sequential_read_8MB_by128,float64
Sequential_read_9MB_by128,float64
Sequential_read_10MB_by128,float64
Sequential_read_12MB_by128,float64
Sequential_read_14MB_by128,float64
Sequential_read_15MB_by128,float64
Sequential_read_16MB_by128,float64
Sequential_read_20MB_by128,float64
Sequential_read_21MB_by128,float64
Sequential_read_32MB_by128,float64
Sequential_read_48MB_by128,float64
Sequential_read_64MB_by128,float64
Sequential_read_72MB_by128,float64
Sequential_read_96MB_by128,float64
Sequential_read_128MB_by128,float64
Random_read_256B_by128,float64
Random_read_512B_by128,float64
Random_read_768B_by128,float64
Random_read_1024B_by128,float64
Random_read_1280B_by128,float64
Random_read_2kB_by128,float64
Random_read_3kB_by128,float64
Random_read_4kB_by128,float64
Random_read_6kB_by128,float64
Random_read_8kB_by128,float64
Random_read_12kB_by128,float64
Random_read_16kB_by128,float64
Random_read_20kB_by128,float64
Random_read_24kB_by128,float64
Random_read_28kB_by128,float64
Random_read_32kB_by128,float64
Random_read_34kB_by128,float64
Random_read_36kB_by128,float64
Random_read_40kB_by128,float64
Random_read_48kB_by128,float64
Random_read_64kB_by128,float64
Random_read_128kB_by128,float64
Random_read_192kB_by128,float64
Random_read_256kB_by128,float64
Random_read_320kB_by128,float64
Random_read_384kB_by128,float64
Random_read_512kB_by128,float64
Random_read_768kB_by128,float64
Random_read_1MB_by128,float64
Random_read_2MB_by128,float64
Random_read_3MB_by128,float64
Random_read_4MB_by128,float64
Random_read_5MB_by128,float64
Random_read_6MB_by128,float64
Random_read_7MB_by128,float64
Random_read_8MB_by128,float64
Random_read_9MB_by128,float64
Random_read_10MB_by128,float64
Random_read_12MB_by128,float64
Random_read_14MB_by128,float64
Random_read_15MB_by128,float64
Random_read_16MB_by128,float64
Random_read_20MB_by128,float64
Random_read_21MB_by128,float64
Random_read_32MB_by128,float64
Random_read_48MB_by128,float64
Random_read_64MB_by128,float64
Random_read_72MB_by128,float64
Random_read_96MB_by128,float64
Random_read_128MB_by128,float64
Sequential_write_128B_by128,float64
Sequential_write_256B_by128,float64
Sequential_write_384B_by128,float64
Sequential_write_512B_by128,float64
Sequential_write_640B_by128,float64
Sequential_write_768B_by128,float64
Sequential_write_896B_by128,float64
Sequential_write_1024B_by128,float64
Sequential_write_1280B_by128,float64
Sequential_write_2kB_by128,float64
Sequential_write_3kB_by128,float64
Sequential_write_4kB_by128,float64
Sequential_write_6kB_by128,float64
Sequential_write_8kB_by128,float64
Sequential_write_12kB_by128,float64
Sequential_write_16kB_by128,float64
Sequential_write_20kB_by128,float64
Sequential_write_24kB_by128,float64
Sequential_write_28kB_by128,float64
Sequential_write_32kB_by128,float64
Sequential_write_34kB_by128,float64
Sequential_write_36kB_by128,float64
Sequential_write_40kB_by128,float64
Sequential_write_48kB_by128,float64
Sequential_write_64kB_by128,float64
Sequential_write_128kB_by128,float64
Sequential_write_192kB_by128,float64
Sequential_write_256kB_by128,float64
Sequential_write_320kB_by128,float64
Sequential_write_384kB_by128,float64
Sequential_write_512kB_by128,float64
Sequential_write_768kB_by128,float64
Sequential_write_1MB_by128,float64
Sequential_write_2MB_by128,float64
Sequential_write_3MB_by128,float64
Sequential_write_4MB_by128,float64
Sequential_write_5MB_by128,float64
Sequential_write_6MB_by128,float64
Sequential_write_7MB_by128,float64
Sequential_write_8MB_by128,float64
Sequential_write_9MB_by128,float64
Sequential_write_10MB_by128,float64
Sequential_write_12MB_by128,float64
Sequential_write_14MB_by128,float64
Sequential_write_15MB_by128,float64
Sequential_write_16MB_by128,float64
Sequential_write_20MB_by128,float64
Sequential_write_21MB_by128,float64
Sequential_write_32MB_by128,float64
Sequential_write_48MB_by128,float64
Sequential_write_64MB_by128,float64
Sequential_write_72MB_by128,float64
Sequential_write_96MB_by128,float64
Sequential_write_128MB_by128,float64
Random_write_256B_by128,float64
Random_write_512B_by128,float64
Random_write_768B_by128,float64
Random_write_1024B_by128,float64
Random_write_1280B_by128,float64
Random_write_2kB_by128,float64
Random_write_3kB_by128,float64
Random_write_4kB_by128,float64
Random_write_6kB_by128,float64
Random_write_8kB_by128,float64
Random_write_12kB_by128,float64
Random_write_16kB_by128,float64
Random_write_20kB_by128,float64
Random_write_24kB_by128,float64
Random_write_28kB_by128,float64
Random_write_32kB_by128,float64
Random_write_34kB_by128,float64
Random_write_36kB_by128,float64
Random_write_40kB_by128,float64
Random_write_48kB_by128,float64
Random_write_64kB_by128,float64
Random_write_128kB_by128,float64
Random_write_192kB_by128,float64
Random_write_256kB_by128,float64
Random_write_320kB_by128,float64
Random_write_384kB_by128,float64
Random_write_512kB_by128,float64
Random_write_768kB_by128,float64
Random_write_1MB_by128,float64
Random_write_2MB_by128,float64
Random_write_3MB_by128,float64
Random_write_4MB_by128,float64
Random_write_5MB_by128,float64
Random_write_6MB_by128,float64
Random_write_7MB_by128,float64
Random_write_8MB_by128,float64
Random_write_9MB_by128,float64
Random_write_10MB_by128,float64
Random_write_12MB_by128,float64
Random_write_14MB_by128,float64
Random_write_15MB_by128,float64
Random_write_16MB_by128,float64
Random_write_20MB_by128,float64
Random_write_21MB_by128,float64
Random_write_32MB_by128,float64
Random_write_48MB_by128,float64
Random_write_64MB_by128,float64
Random_write_72MB_by128,float64
Random_write_96MB_by128,float64
Random_write_128MB_by128,float64
Sequential_read_bypassing_cache_128B_by128,float64
Sequential_read_bypassing_cache_256B_by128,float64
Sequential_read_bypassing_cache_384B_by128,float64
Sequential_read_bypassing_cache_512B_by128,float64
Sequential_read_bypassing_cache_640B_by128,float64
Sequential_read_bypassing_cache_768B_by128,float64
Sequential_read_bypassing_cache_896B_by128,float64
Sequential_read_bypassing_cache_1024B_by128,float64
Sequential_read_bypassing_cache_1280B_by128,float64
Sequential_read_bypassing_cache_2kB_by128,float64
Sequential_read_bypassing_cache_3kB_by128,float64
Sequential_read_bypassing_cache_4kB_by128,float64
Sequential_read_bypassing_cache_6kB_by128,float64
Sequential_read_bypassing_cache_8kB_by128,float64
Sequential_read_bypassing_cache_12kB_by128,float64
Sequential_read_bypassing_cache_16kB_by128,float64
Sequential_read_bypassing_cache_20kB_by128,float64
Sequential_read_bypassing_cache_24kB_by128,float64
Sequential_read_bypassing_cache_28kB_by128,float64
Sequential_read_bypassing_cache_32kB_by128,float64
Sequential_read_bypassing_cache_34kB_by128,float64
Sequential_read_bypassing_cache_36kB_by128,float64
Sequential_read_bypassing_cache_40kB_by128,float64
Sequential_read_bypassing_cache_48kB_by128,float64
Sequential_read_bypassing_cache_64kB_by128,float64
Sequential_read_bypassing_cache_128kB_by128,float64
Sequential_read_bypassing_cache_192kB_by128,float64
Sequential_read_bypassing_cache_256kB_by128,float64
Sequential_read_bypassing_cache_320kB_by128,float64
Sequential_read_bypassing_cache_384kB_by128,float64
Sequential_read_bypassing_cache_512kB_by128,float64
Sequential_read_bypassing_cache_768kB_by128,float64
Sequential_read_bypassing_cache_1MB_by128,float64
Sequential_read_bypassing_cache_2MB_by128,float64
Sequential_read_bypassing_cache_3MB_by128,float64
Sequential_read_bypassing_cache_4MB_by128,float64
Sequential_read_bypassing_cache_5MB_by128,float64
Sequential_read_bypassing_cache_6MB_by128,float64
Sequential_read_bypassing_cache_7MB_by128,float64
Sequential_read_bypassing_cache_8MB_by128,float64
Sequential_read_bypassing_cache_9MB_by128,float64
Sequential_read_bypassing_cache_10MB_by128,float64
Sequential_read_bypassing_cache_12MB_by128,float64
Sequential_read_bypassing_cache_14MB_by128,float64
Sequential_read_bypassing_cache_15MB_by128,float64
Sequential_read_bypassing_cache_16MB_by128,float64
Sequential_read_bypassing_cache_20MB_by128,float64
Sequential_read_bypassing_cache_21MB_by128,float64
Sequential_read_bypassing_cache_32MB_by128,float64
Sequential_read_bypassing_cache_48MB_by128,float64
Sequential_read_bypassing_cache_64MB_by128,float64
Sequential_read_bypassing_cache_72MB_by128,float64
Sequential_read_bypassing_cache_96MB_by128,float64
Sequential_read_bypassing_cache_128MB_by128,float64
Random_read_bypassing_cache_256B_by128,float64
Random_read_bypassing_cache_512B_by128,float64
Random_read_bypassing_cache_768B_by128,float64
Random_read_bypassing_cache_1024B_by128,float64
Random_read_bypassing_cache_1280B_by128,float64
Random_read_bypassing_cache_2kB_by128,float64
Random_read_bypassing_cache_3kB_by128,float64
Random_read_bypassing_cache_4kB_by128,float64
Random_read_bypassing_cache_6kB_by128,float64
Random_read_bypassing_cache_8kB_by128,float64
Random_read_bypassing_cache_12kB_by128,float64
Random_read_bypassing_cache_16kB_by128,float64
Random_read_bypassing_cache_20kB_by128,float64
Random_read_bypassing_cache_24kB_by128,float64
Random_read_bypassing_cache_28kB_by128,float64
Random_read_bypassing_cache_32kB_by128,float64
Random_read_bypassing_cache_34kB_by128,float64
Random_read_bypassing_cache_36kB_by128,float64
Random_read_bypassing_cache_40kB_by128,float64
Random_read_bypassing_cache_48kB_by128,float64
Random_read_bypassing_cache_64kB_by128,float64
Random_read_bypassing_cache_128kB_by128,float64
Random_read_bypassing_cache_192kB_by128,float64
Random_read_bypassing_cache_256kB_by128,float64
Random_read_bypassing_cache_320kB_by128,float64
Random_read_bypassing_cache_384kB_by128,float64
Random_read_bypassing_cache_512kB_by128,float64
Random_read_bypassing_cache_768kB_by128,float64
Random_read_bypassing_cache_1MB_by128,float64
Random_read_bypassing_cache_2MB_by128,float64
Random_read_bypassing_cache_3MB_by128,float64
Random_read_bypassing_cache_4MB_by128,float64
Random_read_bypassing_cache_5MB_by128,float64
Random_read_bypassing_cache_6MB_by128,float64
Random_read_bypassing_cache_7MB_by128,float64
Random_read_bypassing_cache_8MB_by128,float64
Random_read_bypassing_cache_9MB_by128,float64
Random_read_bypassing_cache_10MB_by128,float64
Random_read_bypassing_cache_12MB_by128,float64
Random_read_bypassing_cache_14MB_by128,float64
Random_read_bypassing_cache_15MB_by128,float64
Random_read_bypassing_cache_16MB_by128,float64
Random_read_bypassing_cache_20MB_by128,float64
Random_read_bypassing_cache_21MB_by128,float64
Random_read_bypassing_cache_32MB_by128,float64
Random_read_bypassing_cache_48MB_by128,float64
Random_read_bypassing_cache_64MB_by128,float64
Random_read_bypassing_cache_72MB_by128,float64
Random_read_bypassing_cache_96MB_by128,float64
Random_read_bypassing_cache_128MB_by128,float64
Sequential_write_bypassing_cache_128B_by128,float64
Sequential_write_bypassing_cache_256B_by128,float64
Sequential_write_bypassing_cache_384B_by128,float64
Sequential_write_bypassing_cache_512B_by128,float64
Sequential_write_bypassing_cache_640B_by128,float64
Sequential_write_bypassing_cache_768B_by128,float64
Sequential_write_bypassing_cache_896B_by128,float64
Sequential_write_bypassing_cache_1024B_by128,float64
Sequential_write_bypassing_cache_1280B_by128,float64
Sequential_write_bypassing_cache_2kB_by128,float64
Sequential_write_bypassing_cache_3kB_by128,float64
Sequential_write_bypassing_cache_4kB_by128,float64
Sequential_write_bypassing_cache_6kB_by128,float64
Sequential_write_bypassing_cache_8kB_by128,float64
Sequential_write_bypassing_cache_12kB_by128,float64
Sequential_write_bypassing_cache_16kB_by128,float64
Sequential_write_bypassing_cache_20kB_by128,float64
Sequential_write_bypassing_cache_24kB_by128,float64
Sequential_write_bypassing_cache_28kB_by128,float64
Sequential_write_bypassing_cache_32kB_by128,float64
Sequential_write_bypassing_cache_34kB_by128,float64
Sequential_write_bypassing_cache_36kB_by128,float64
Sequential_write_bypassing_cache_40kB_by128,float64
Sequential_write_bypassing_cache_48kB_by128,float64
Sequential_write_bypassing_cache_64kB_by128,float64
Sequential_write_bypassing_cache_128kB_by128,float64
Sequential_write_bypassing_cache_192kB_by128,float64
Sequential_write_bypassing_cache_256kB_by128,float64
Sequential_write_bypassing_cache_320kB_by128,float64
Sequential_write_bypassing_cache_384kB_by128,float64
Sequential_write_bypassing_cache_512kB_by128,float64
Sequential_write_bypassing_cache_768kB_by128,float64
Sequential_write_bypassing_cache_1MB_by128,float64
Sequential_write_bypassing_cache_2MB_by128,float64
Sequential_write_bypassing_cache_3MB_by128,float64
Sequential_write_bypassing_cache_4MB_by128,float64
Sequential_write_bypassing_cache_5MB_by128,float64
Sequential_write_bypassing_cache_6MB_by128,float64
Sequential_write_bypassing_cache_7MB_by128,float64
Sequential_write_bypassing_cache_8MB_by128,float64
Sequential_write_bypassing_cache_9MB_by128,float64
Sequential_write_bypassing_cache_10MB_by128,float64
Sequential_write_bypassing_cache_12MB_by128,float64
Sequential_write_bypassing_cache_14MB_by128,float64
Sequential_write_bypassing_cache_15MB_by128,float64
Sequential_write_bypassing_cache_16MB_by128,float64
Sequential_write_bypassing_cache_20MB_by128,float64
Sequential_write_bypassing_cache_21MB_by128,float64
Sequential_write_bypassing_cache_32MB_by128,float64
Sequential_write_bypassing_cache_48MB_by128,float64
Sequential_write_bypassing_cache_64MB_by128,float64
Sequential_write_bypassing_cache_72MB_by128,float64
Sequential_write_bypassing_cache_96MB_by128,float64
Sequential_write_bypassing_cache_128MB_by128,float64
Random_write_bypassing_cache_256B_by128,float64
Random_write_bypassing_cache_512B_by128,float64
Random_write_bypassing_cache_768B_by128,float64
Random_write_bypassing_cache_1024B_by128,float64
Random_write_bypassing_cache_1280B_by128,float64
Random_write_bypassing_cache_2kB_by128,float64
Random_write_bypassing_cache_3kB_by128,float64
Random_write_bypassing_cache_4kB_by128,float64
Random_write_bypassing_cache_6kB_by128,float64
Random_write_bypassing_cache_8kB_by128,float64
Random_write_bypassing_cache_12kB_by128,float64
Random_write_bypassing_cache_16kB_by128,float64
Random_write_bypassing_cache_20kB_by128,float64
Random_write_bypassing_cache_24kB_by128,float64
Random_write_bypassing_cache_28kB_by128,float64
Random_write_bypassing_cache_32kB_by128,float64
Random_write_bypassing_cache_34kB_by128,float64
Random_write_bypassing_cache_36kB_by128,float64
Random_write_bypassing_cache_40kB_by128,float64
Random_write_bypassing_cache_48kB_by128,float64
Random_write_bypassing_cache_64kB_by128,float64
Random_write_bypassing_cache_128kB_by128,float64
Random_write_bypassing_cache_192kB_by128,float64
Random_write_bypassing_cache_256kB_by128,float64
Random_write_bypassing_cache_320kB_by128,float64
Random_write_bypassing_cache_384kB_by128,float64
Random_write_bypassing_cache_512kB_by128,float64
Random_write_bypassing_cache_768kB_by128,float64
Random_write_bypassing_cache_1MB_by128,float64
Random_write_bypassing_cache_2MB_by128,float64
Random_write_bypassing_cache_3MB_by128,float64
Random_write_bypassing_cache_4MB_by128,float64
Random_write_bypassing_cache_5MB_by128,float64
Random_write_bypassing_cache_6MB_by128,float64
Random_write_bypassing_cache_7MB_by128,float64
Random_write_bypassing_cache_8MB_by128,float64
Random_write_bypassing_cache_9MB_by128,float64
Random_write_bypassing_cache_10MB_by128,float64
Random_write_bypassing_cache_12MB_by128,float64
Random_write_bypassing_cache_14MB_by128,float64
Random_write_bypassing_cache_15MB_by128,float64
Random_write_bypassing_cache_16MB_by128,float64
Random_write_bypassing_cache_20MB_by128,float64
Random_write_bypassing_cache_21MB_by128,float64
Random_write_bypassing_cache_32MB_by128,float64
Random_write_bypassing_cache_48MB_by128,float64
Random_write_bypassing_cache_64MB_by128,float64
Random_write_bypassing_cache_72MB_by128,float64
Random_write_bypassing_cache_96MB_by128,float64
Random_write_bypassing_cache_128MB_by128,float64
SeqCopy128B_by128,float64
SeqCopy256B_by128,float64
SeqCopy384B_by128,float64
SeqCopy512B_by128,float64
SeqCopy640B_by128,float64
SeqCopy768B_by128,float64
SeqCopy896B_by128,float64
SeqCopy1024B_by128,float64
SeqCopy1280B_by128,float64
SeqCopy2kB_by128,float64
SeqCopy3kB_by128,float64
SeqCopy4kB_by128,float64
SeqCopy6kB_by128,float64
SeqCopy8kB_by128,float64
SeqCopy12kB_by128,float64
SeqCopy16kB_by128,float64
SeqCopy20kB_by128,float64
SeqCopy24kB_by128,float64
SeqCopy28kB_by128,float64
SeqCopy32kB_by128,float64
SeqCopy34kB_by128,float64
SeqCopy36kB_by128,float64
SeqCopy40kB_by128,float64
SeqCopy48kB_by128,float64
SeqCopy64kB_by128,float64
SeqCopy128kB_by128,float64
SeqCopy192kB_by128,float64
SeqCopy256kB_by128,float64
SeqCopy320kB_by128,float64
SeqCopy384kB_by128,float64
SeqCopy512kB_by128,float64
SeqCopy768kB_by128,float64
SeqCopy1MB_by128,float64
SeqCopy2MB_by128,float64
SeqCopy3MB_by128,float64
SeqCopy4MB_by128,float64
SeqCopy5MB_by128,float64
SeqCopy6MB_by128,float64
SeqCopy7MB_by128,float64
SeqCopy8MB_by128,float64
SeqCopy9MB_by128,float64
SeqCopy10MB_by128,float64
SeqCopy12MB_by128,float64
SeqCopy14MB_by128,float64
SeqCopy15MB_by128,float64
SeqCopy16MB_by128,float64
SeqCopy20MB_by128,float64
SeqCopy21MB_by128,float64
SeqCopy32MB_by128,float64
SeqCopy48MB_by128,float64
SeqCopy64MB_by128,float64
SeqCopy72MB_by128,float64
SeqCopy96MB_by128,float64
SeqCopy128MB_by128,float64
SeqRead_256B_by256,float64
SeqRead_512B_by256,float64
SeqRead_768B_by256,float64
SeqRead_1024B_by256,float64
SeqRead_1280B_by256,float64
SeqRead_2kB_by256,float64
SeqRead_3kB_by256,float64
SeqRead_4kB_by256,float64
SeqRead_6kB_by256,float64
SeqRead_8kB_by256,float64
SeqRead_12kB_by256,float64
SeqRead_16kB_by256,float64
SeqRead_20kB_by256,float64
SeqRead_24kB_by256,float64
SeqRead_28kB_by256,float64
SeqRead_32kB_by256,float64
SeqRead_34kB_by256,float64
SeqRead_36kB_by256,float64
SeqRead_40kB_by256,float64
SeqRead_48kB_by256,float64
SeqRead_64kB_by256,float64
SeqRead_128kB_by256,float64
SeqRead_192kB_by256,float64
SeqRead_256kB_by256,float64
SeqRead_320kB_by256,float64
SeqRead_384kB_by256,float64
SeqRead_512kB_by256,float64
SeqRead_768kB_by256,float64
SeqRead_1MB_by256,float64
SeqRead_2MB_by256,float64
SeqRead_3MB_by256,float64
SeqRead_4MB_by256,float64
SeqRead_5MB_by256,float64
SeqRead_6MB_by256,float64
SeqRead_7MB_by256,float64
SeqRead_8MB_by256,float64
SeqRead_9MB_by256,float64
SeqRead_10MB_by256,float64
SeqRead_12MB_by256,float64
SeqRead_14MB_by256,float64
SeqRead_15MB_by256,float64
SeqRead_16MB_by256,float64
SeqRead_20MB_by256,float64
SeqRead_21MB_by256,float64
SeqRead_32MB_by256,float64
SeqRead_48MB_by256,float64
SeqRead_64MB_by256,float64
SeqRead_72MB_by256,float64
SeqRead_96MB_by256,float64
SeqRead_128MB_by256,float64
SeqWrite_256B_by256,float64
SeqWrite_512B_by256,float64
SeqWrite_768B_by256,float64
SeqWrite_1024B_by256,float64
SeqWrite_1280B_by256,float64
SeqWrite_2kB_by256,float64
SeqWrite_3kB_by256,float64
SeqWrite_4kB_by256,float64
SeqWrite_6kB_by256,float64
SeqWrite_8kB_by256,float64
SeqWrite_12kB_by256,float64
SeqWrite_16kB_by256,float64
SeqWrite_20kB_by256,float64
SeqWrite_24kB_by256,float64
SeqWrite_28kB_by256,float64
SeqWrite_32kB_by256,float64
SeqWrite_34kB_by256,float64
SeqWrite_36kB_by256,float64
SeqWrite_40kB_by256,float64
SeqWrite_48kB_by256,float64
SeqWrite_64kB_by256,float64
SeqWrite_128kB_by256,float64
SeqWrite_192kB_by256,float64
SeqWrite_256kB_by256,float64
SeqWrite_320kB_by256,float64
SeqWrite_384kB_by256,float64
SeqWrite_512kB_by256,float64
SeqWrite_768kB_by256,float64
SeqWrite_1MB_by256,float64
SeqWrite_2MB_by256,float64
SeqWrite_3MB_by256,float64
SeqWrite_4MB_by256,float64
SeqWrite_5MB_by256,float64
SeqWrite_6MB_by256,float64
SeqWrite_7MB_by256,float64
SeqWrite_8MB_by256,float64
SeqWrite_9MB_by256,float64
SeqWrite_10MB_by256,float64
SeqWrite_12MB_by256,float64
SeqWrite_14MB_by256,float64
SeqWrite_15MB_by256,float64
SeqWrite_16MB_by256,float64
SeqWrite_20MB_by256,float64
SeqWrite_21MB_by256,float64
SeqWrite_32MB_by256,float64
SeqWrite_48MB_by256,float64
SeqWrite_64MB_by256,float64
SeqWrite_72MB_by256,float64
SeqWrite_96MB_by256,float64
SeqWrite_128MB_by256,float64
SeqWriteBP_256B_by256,float64
SeqWriteBP_512B_by256,float64
SeqWriteBP_768B_by256,float64
SeqWriteBP_1024B_by256,float64
SeqWriteBP_1280B_by256,float64
SeqWriteBP_2kB_by256,float64
SeqWriteBP_3kB_by256,float64
SeqWriteBP_4kB_by256,float64
SeqWriteBP_6kB_by256,float64
SeqWriteBP_8kB_by256,float64
SeqWriteBP_12kB_by256,float64
SeqWriteBP_16kB_by256,float64
SeqWriteBP_20kB_by256,float64
SeqWriteBP_24kB_by256,float64
SeqWriteBP_28kB_by256,float64
SeqWriteBP_32kB_by256,float64
SeqWriteBP_34kB_by256,float64
SeqWriteBP_36kB_by256,float64
SeqWriteBP_40kB_by256,float64
SeqWriteBP_48kB_by256,float64
SeqWriteBP_64kB_by256,float64
SeqWriteBP_128kB_by256,float64
SeqWriteBP_192kB_by256,float64
SeqWriteBP_256kB_by256,float64
SeqWriteBP_320kB_by256,float64
SeqWriteBP_384kB_by256,float64
SeqWriteBP_512kB_by256,float64
SeqWriteBP_768kB_by256,float64
SeqWriteBP_1MB_by256,float64
SeqWriteBP_2MB_by256,float64
SeqWriteBP_3MB_by256,float64
SeqWriteBP_4MB_by256,float64
SeqWriteBP_5MB_by256,float64
SeqWriteBP_6MB_by256,float64
SeqWriteBP_7MB_by256,float64
SeqWriteBP_8MB_by256,float64
SeqWriteBP_9MB_by256,float64
SeqWriteBP_10MB_by256,float64
SeqWriteBP_12MB_by256,float64
SeqWriteBP_14MB_by256,float64
SeqWriteBP_15MB_by256,float64
SeqWriteBP_16MB_by256,float64
SeqWriteBP_20MB_by256,float64
SeqWriteBP_21MB_by256,float64
SeqWriteBP_32MB_by256,float64
SeqWriteBP_48MB_by256,float64
SeqWriteBP_64MB_by256,float64
SeqWriteBP_72MB_by256,float64
SeqWriteBP_96MB_by256,float64
SeqWriteBP_128MB_by256,float64
SeqCopy_256B_by256,float64
SeqCopy_512B_by256,float64
SeqCopy_768B_by256,float64
SeqCopy_1024B_by256,float64
SeqCopy_1280B_by256,float64
SeqCopy_2kB_by256,float64
SeqCopy_3kB_by256,float64
SeqCopy_4kB_by256,float64
SeqCopy_6kB_by256,float64
SeqCopy_8kB_by256,float64
SeqCopy_12kB_by256,float64
SeqCopy_16kB_by256,float64
SeqCopy_20kB_by256,float64
SeqCopy_24kB_by256,float64
SeqCopy_28kB_by256,float64
SeqCopy_32kB_by256,float64
SeqCopy_34kB_by256,float64
SeqCopy_36kB_by256,float64
SeqCopy_40kB_by256,float64
SeqCopy_48kB_by256,float64
SeqCopy_64kB_by256,float64
SeqCopy_128kB_by256,float64
SeqCopy_192kB_by256,float64
SeqCopy_256kB_by256,float64
SeqCopy_320kB_by256,float64
SeqCopy_384kB_by256,float64
SeqCopy_512kB_by256,float64
SeqCopy_768kB_by256,float64
SeqCopy_1MB_by256,float64
SeqCopy_2MB_by256,float64
SeqCopy_3MB_by256,float64
SeqCopy_4MB_by256,float64
SeqCopy_5MB_by256,float64
SeqCopy_6MB_by256,float64
SeqCopy_7MB_by256,float64
SeqCopy_8MB_by256,float64
SeqCopy_9MB_by256,float64
SeqCopy_10MB_by256,float64
SeqCopy_12MB_by256,float64
SeqCopy_14MB_by256,float64
SeqCopy_15MB_by256,float64
SeqCopy_16MB_by256,float64
SeqCopy_20MB_by256,float64
SeqCopy_21MB_by256,float64
SeqCopy_32MB_by256,float64
SeqCopy_48MB_by256,float64
SeqCopy_64MB_by256,float64
SeqCopy_72MB_by256,float64
SeqCopy_96MB_by256,float64
SeqCopy_128MB_by256,float64
